라벨링,등락률,기업명,기업코드,날짜,시가,고가,저가,종가,거래량
1,-4.964539007092199,컴투스,A078340,20210507,137500,143700,137300,141000,344148
1,-3.932203389830508,컴투스,A078340,20210430,167700,167700,143500,147500,1137881
1,-13.235294117647062,컴투스,A078340,20210429,172200,176700,162000,170000,544298
1,-3.1976744186046515,컴투스,A078340,20210416,175200,178600,171000,172000,129648
1,3.5265989240884634,컴투스,A078340,20210407,173700,173900,162800,167300,202639
1,-3.739930955120829,컴투스,A078340,20210406,165700,174500,164500,173800,179887
1,5.6534954407294835,컴투스,A078340,20210405,162900,166100,162900,164500,68360
1,3.2015065913371004,컴투스,A078340,20210324,156400,159300,155100,159300,66946
1,4.133333333333333,컴투스,A078340,20210318,149300,152000,149300,150000,81293
1,8.38192419825073,컴투스,A078340,20210312,137000,139300,135800,137200,72244
1,-2.92022792022792,컴투스,A078340,20210305,140700,142100,138800,140400,79165
1,-2.53077975376197,컴투스,A078340,20210303,141100,147200,141100,146200,93273
1,3.1029619181946404,컴투스,A078340,20210302,143000,145300,139100,141800,85777
1,-3.7552155771905427,컴투스,A078340,20210225,141700,144700,141700,143800,88167
1,-3.754266211604096,컴투스,A078340,20210223,150000,152000,145700,146500,138674
1,-3.6184210526315774,컴투스,A078340,20210222,159200,159200,151800,152000,127070
1,-4.58254865034526,컴투스,A078340,20210219,159500,160500,155600,159300,87537
1,-5.442583732057416,컴투스,A078340,20210208,156800,170000,156500,167200,253819
1,6.158730158730159,컴투스,A078340,20210205,159100,159600,155200,157500,100422
1,-3.0432136335970785,컴투스,A078340,20210203,162000,164300,159800,164300,107599
1,2.7517198248905568,컴투스,A078340,20210202,160100,163400,158200,159900,120209
1,-3.786057692307692,컴투스,A078340,20210128,167900,169000,163000,166400,191139
1,-3.0303030303030303,컴투스,A078340,20210127,173000,173900,170100,171600,102975
1,2.9958058717795084,컴투스,A078340,20210121,166300,169500,165200,166900,119944
1,2.5,컴투스,A078340,20210108,158700,161000,156800,160000,153553
1,4.852459016393444,컴투스,A078340,20201228,151200,153000,148000,152500,182727
1,4.284727021423636,컴투스,A078340,20201223,146100,148100,143800,144700,141826
1,-2.6143790849673203,컴투스,A078340,20201218,155700,156700,152900,153000,140844
1,3.6217303822937614,컴투스,A078340,20201209,152100,152900,149000,149100,144816
1,-4.15335463258786,컴투스,A078340,20201204,155100,159500,152100,156500,644037
1,3.711066931742877,컴투스,A078340,20201203,167100,178400,150400,150900,1484644
1,6.192821956368754,컴투스,A078340,20201202,137000,142200,134000,142100,189242
1,6.044776119402987,컴투스,A078340,20201201,136500,140000,132800,134000,182505
1,6.730769230769233,컴투스,A078340,20201126,125100,128300,124500,124800,88691
1,-2.803738317757009,컴투스,A078340,20201124,131300,133300,126900,128400,187568
1,7.1015689512799325,컴투스,A078340,20201120,117000,122600,116900,121100,91893
1,3.1516183986371376,컴투스,A078340,20201119,117800,118800,116600,117400,60024
1,-3.360655737704918,컴투스,A078340,20201116,124700,126400,121300,122000,89472
1,2.585487906588824,컴투스,A078340,20201110,121000,121000,118300,119900,85006
1,-3.0719482619240086,컴투스,A078340,20201109,121000,124300,119600,123700,79412
1,4.212299915754001,컴투스,A078340,20201106,120800,122200,118600,118700,77251
1,6.810035842293908,컴투스,A078340,20201030,115600,115600,111500,111600,36607
1,-3.7931034482758617,컴투스,A078340,20201029,111900,117200,110000,116000,70553
1,-3.3707865168539324,컴투스,A078340,20201021,113000,115900,111700,115700,54186
1,-3.79746835443038,컴투스,A078340,20201014,119800,119800,117400,118500,46641
1,3.4031413612565444,컴투스,A078340,20200929,114500,115600,113500,114600,56941
1,3.0,컴투스,A078340,20200925,112600,112600,108900,110000,56465
1,-3.2019704433497536,컴투스,A078340,20200916,122000,124000,121100,121800,79461
1,10.770577933450088,컴투스,A078340,20200901,111400,114800,111300,114200,56476
1,2.7902790279027903,컴투스,A078340,20200831,111500,114500,110600,111100,61174
1,2.7052238805970146,컴투스,A078340,20200821,106400,109000,104500,107200,89337
1,-3.901996370235935,컴투스,A078340,20200819,110400,111200,108300,110200,91452
1,-7.888040712468192,컴투스,A078340,20200814,117000,120800,117000,117900,104523
1,-6.4851881505204165,컴투스,A078340,20200810,127700,127700,123500,124900,105706
1,3.2338308457711435,컴투스,A078340,20200731,123000,123000,119000,120600,61802
1,-3.0278884462151394,컴투스,A078340,20200724,125000,126300,123000,125500,58168
1,2.9197080291970803,컴투스,A078340,20200716,125300,125700,122200,123300,63350
1,-3.268482490272373,컴투스,A078340,20200714,128000,130100,126100,128500,89340
1,-3.0882352941176467,컴투스,A078340,20200706,125000,136100,124800,136000,249906
1,10.121457489878543,컴투스,A078340,20200703,124600,124600,121700,123500,91357
1,8.849557522123892,컴투스,A078340,20200701,117600,118200,113000,113000,82345
1,-3.9115646258503403,컴투스,A078340,20200630,116900,120000,112300,117600,245755
1,8.38709677419355,컴투스,A078340,20200629,105000,114000,104000,108500,163090
1,3.333333333333333,컴투스,A078340,20200626,102900,105200,102800,105000,37611
1,-4.018691588785047,컴투스,A078340,20200624,105400,107900,105000,107000,75603
1,4.554455445544554,컴투스,A078340,20200615,105000,106800,101000,101000,67914
1,-4.446546830652792,컴투스,A078340,20200612,103000,106900,102000,105700,49911
1,6.299212598425196,컴투스,A078340,20200227,101600,103600,100600,101600,42228
1,2.926829268292684,컴투스,A078340,20200205,103200,104100,101700,102500,46958
1,-3.0476190476190474,컴투스,A078340,20200130,104800,106600,104200,105000,43489
1,-3.782287822878229,컴투스,A078340,20200123,107100,110500,107100,108400,47664
1,4.039408866995074,컴투스,A078340,20200110,102700,102700,100400,101500,56804
1,-3.2723772858517814,컴투스,A078340,20200103,105700,105900,103700,103900,41483
1,-2.7906976744186047,컴투스,A078340,20191230,107000,107800,106300,107500,28923
1,3.5137701804368464,컴투스,A078340,20191224,106200,106600,104500,105300,29890
1,3.065134099616858,컴투스,A078340,20191216,106600,106600,103400,104400,38531
1,2.538071065989848,컴투스,A078340,20191121,100600,100600,97700,98500,47459
1,5.3061224489795915,컴투스,A078340,20191111,98600,100000,97100,98000,31205
1,2.88659793814433,컴투스,A078340,20191107,100000,100000,97000,97000,27442
1,5.698924731182796,컴투스,A078340,20191030,97500,97500,93000,93000,101101
1,-3.7267080745341614,컴투스,A078340,20191029,99000,99400,96300,96600,35651
1,9.691629955947137,컴투스,A078340,20191021,90000,92100,89600,90800,79298
1,-2.7837259100642395,컴투스,A078340,20191010,94100,94300,92700,93400,42185
1,-3.5051546391752577,컴투스,A078340,20190902,93000,100000,92300,97000,132768
1,3.191489361702128,컴투스,A078340,20190830,95000,95000,93400,94000,40983
1,3.526734926052332,컴투스,A078340,20190826,88600,89500,87600,87900,54475
1,-2.8729281767955803,컴투스,A078340,20190823,89700,91200,89600,90500,20314
1,3.057757644394111,컴투스,A078340,20190816,87200,89100,86900,88300,50871
1,3.0162412993039442,컴투스,A078340,20190809,85400,87000,83500,86200,64807
1,4.202719406674906,컴투스,A078340,20190806,79300,85100,78400,80900,104632
1,-6.628571428571428,컴투스,A078340,20190802,89700,90200,87500,87500,30118
1,-3.296703296703297,컴투스,A078340,20190726,90200,92500,89600,91000,43766
1,-2.9116465863453818,컴투스,A078340,20190702,100500,101600,98400,99600,54066
1,-2.9608404966571165,컴투스,A078340,20190621,104800,106000,102600,104700,71590
1,3.6597428288822944,컴투스,A078340,20190619,101900,102900,100100,101100,47660
1,6.165099268547545,컴투스,A078340,20190617,99000,99000,95600,95700,76979
1,2.683178534571723,컴투스,A078340,20190604,97800,99000,96800,96900,47999
1,3.5483870967741935,컴투스,A078340,20190527,95100,95100,91000,93000,106058
1,-3.5269709543568464,컴투스,A078340,20190524,96200,98100,96200,96400,40103
1,3.09278350515464,컴투스,A078340,20190520,100000,100800,97000,97000,43903
1,-2.708124373119358,컴투스,A078340,20190517,102900,102900,99400,99700,52500
1,4.253112033195022,컴투스,A078340,20190509,99900,100200,96100,96400,90133
1,-3.5035035035035036,컴투스,A078340,20190508,99800,100600,99400,99900,55829
1,2.9000000000000004,컴투스,A078340,20190325,101700,103000,99900,100000,72535
1,-7.59493670886076,컴투스,A078340,20190312,111200,111900,110400,110600,91417
1,-4.104803493449782,컴투스,A078340,20190308,112500,114700,110600,114500,131277
1,2.5067144136078783,컴투스,A078340,20190307,117000,117900,110700,111700,292173
1,-5.3389830508474585,컴투스,A078340,20190306,117200,119200,116300,118000,91729
1,-4.351395730706075,컴투스,A078340,20190228,122400,125000,121800,121800,118373
1,-2.5223759153783565,컴투스,A078340,20190218,120900,123600,120100,122900,69597
1,2.5876460767946576,컴투스,A078340,20190215,122500,124200,119700,119800,92411
1,6.707317073170732,컴투스,A078340,20190207,114300,115000,112900,114800,65920
1,3.3363390441839496,컴투스,A078340,20190130,110100,111900,109300,110900,55845
1,3.832116788321168,컴투스,A078340,20190117,111300,112400,109100,109600,89008
1,3.1365313653136533,컴투스,A078340,20190114,113500,114800,107900,108400,230596
1,-4.8287971905179985,컴투스,A078340,20190111,114800,116400,113200,113900,159608
1,-5.5053410024650775,컴투스,A078340,20190109,121900,124100,120400,121700,124199
1,-2.713487629688747,컴투스,A078340,20190107,127000,127100,123100,125300,83895
1,-3.1007751937984502,컴투스,A078340,20181228,130800,131000,128000,129000,44211
1,7.641741988496302,컴투스,A078340,20181218,121000,123600,119700,121700,99256
1,-10.094408133623821,컴투스,A078340,20181213,136000,137800,135200,137700,108583
1,-5.720338983050849,컴투스,A078340,20181210,140800,144200,139500,141600,74442
1,3.5481535119478638,컴투스,A078340,20181206,138300,141800,136700,138100,56443
1,-2.689655172413793,컴투스,A078340,20181203,143200,145000,142400,145000,72243
1,2.8368794326241136,컴투스,A078340,20181130,138900,143000,137700,141000,60277
1,4.0983606557377055,컴투스,A078340,20181126,132200,136200,132200,134200,42425
1,5.439005439005438,컴투스,A078340,20181116,129300,131600,128600,128700,97661
1,5.853256389117888,컴투스,A078340,20181114,125000,125800,120100,121300,168461
1,-3.5771065182829886,컴투스,A078340,20181113,124700,126100,119300,125800,108251
1,-11.824080749819752,컴투스,A078340,20181106,138100,141100,135500,138700,73270
1,4.452830188679245,컴투스,A078340,20181102,123100,132800,123000,132500,136836
1,8.695652173913043,컴투스,A078340,20181101,128300,128700,121700,121900,144257
1,-4.839968774395004,컴투스,A078340,20181031,130100,130800,127700,128100,73260
1,-6.0583941605839415,컴투스,A078340,20181026,142000,142900,135900,137000,94557
1,-2.629708599857853,컴투스,A078340,20181025,139300,142900,137900,140700,89024
1,-3.050847457627119,컴투스,A078340,20181023,149000,150000,146800,147500,79746
1,2.7210884353741496,컴투스,A078340,20181019,141900,149900,141700,147000,137198
1,3.1578947368421053,컴투스,A078340,20181018,143400,145300,141600,142500,63866
1,2.517985611510792,컴투스,A078340,20181016,141800,146900,138000,139000,107809
1,-3.650137741046832,컴투스,A078340,20181012,138100,145900,138100,145200,112255
1,5.141202027516291,컴투스,A078340,20181011,138000,144400,137500,138100,156986
1,-3.155680224403927,컴투스,A078340,20181010,148000,149300,139100,142600,198338
1,-3.8435603506405935,컴투스,A078340,20181008,148400,151300,146100,148300,66018
1,4.1208791208791204,컴투스,A078340,20181001,147300,150200,145400,145600,68377
1,-5.487411233053583,컴투스,A078340,20180921,153600,155400,152600,154900,63255
1,3.798342541436464,컴투스,A078340,20180918,144900,147700,144600,144800,61314
1,-4.183266932270916,컴투스,A078340,20180913,153500,154000,150400,150600,77117
1,-4.088050314465408,컴투스,A078340,20180904,158100,159900,156400,159000,70093
1,6.416382252559727,컴투스,A078340,20180830,147900,149100,146200,146500,65513
1,-3.6821705426356592,컴투스,A078340,20180827,153500,155900,153000,154800,68901
1,-2.8457974851091987,컴투스,A078340,20180821,143500,151500,143500,151100,114610
1,6.035087719298246,컴투스,A078340,20180820,142100,145000,141900,142500,46980
1,4.142441860465117,컴투스,A078340,20180813,140500,142800,137200,137600,138666
1,-3.0985915492957745,컴투스,A078340,20180810,144600,146300,141200,142000,119162
1,-5.613577023498695,컴투스,A078340,20180807,155700,156100,151600,153200,74119
1,2.599090318388564,컴투스,A078340,20180802,155300,156300,152900,153900,57929
1,2.9624753127057275,컴투스,A078340,20180731,150000,154000,150000,151900,101152
1,-4.9375,컴투스,A078340,20180727,168500,170300,152600,160000,301223
1,-5.882352941176469,컴투스,A078340,20180726,170900,170900,166300,170000,46507
1,3.626306084818685,컴투스,A078340,20180724,163300,164900,160800,162700,88298
1,-4.211150652431791,컴투스,A078340,20180720,173100,173800,166500,168600,112409
1,-2.991944764096663,컴투스,A078340,20180719,177200,178200,169800,173800,98687
1,-4.175824175824175,컴투스,A078340,20180713,181900,186600,180000,182000,47649
1,5.205320994794679,컴투스,A078340,20180711,175800,178000,172700,172900,52020
1,-2.6463963963963963,컴투스,A078340,20180710,180000,181100,177500,177600,56896
1,3.968253968253968,컴투스,A078340,20180702,170500,170500,163800,163800,72265
1,-2.5,컴투스,A078340,20180629,169800,170400,165300,168000,70866
1,-4.018369690011482,컴투스,A078340,20180627,175300,181000,173900,174200,97257
1,3.281519861830743,컴투스,A078340,20180622,164400,173900,162900,173700,107669
1,5.850091407678245,컴투스,A078340,20180621,168300,169500,164100,164100,68721
1,-2.6112759643916914,컴투스,A078340,20180620,164600,169100,164500,168500,140906
1,2.9951100244498776,컴투스,A078340,20180619,163600,168600,163600,163600,135608
1,-5.436668594563332,컴투스,A078340,20180615,176700,177900,170100,172900,219958
1,-6.787814003206841,컴투스,A078340,20180612,186100,187600,183300,187100,57906
1,3.5812672176308538,컴투스,A078340,20180608,183900,184800,180600,181500,61441
1,-2.7676240208877285,컴투스,A078340,20180531,190800,191500,186000,191500,92124
1,2.717391304347826,컴투스,A078340,20180529,186000,190000,183800,184000,89117
1,3.747203579418344,컴투스,A078340,20180523,175900,179500,173500,178800,84006
1,3.206997084548105,컴투스,A078340,20180518,168200,172200,168100,171500,72351
1,-4.96054114994363,컴투스,A078340,20180511,174500,183900,174500,177400,215878
1,3.1395348837209305,컴투스,A078340,20180510,163000,175700,161000,172000,195903
1,3.5520770620108366,컴투스,A078340,20180509,161400,166200,159600,166100,84725
1,4.465408805031446,컴투스,A078340,20180508,165800,166500,157900,159000,105458
1,-2.93040293040293,컴투스,A078340,20180504,162500,166000,162400,163800,94427
1,-2.735562310030395,컴투스,A078340,20180427,162900,164500,160900,164500,97466
1,-3.68389780154486,컴투스,A078340,20180425,170500,170500,166000,168300,63246
1,-3.5858877964141125,컴투스,A078340,20180420,171300,176600,171300,172900,75700
1,3.23529411764706,컴투스,A078340,20180417,171000,174000,169400,170000,58923
1,3.2953864589574597,컴투스,A078340,20180412,172000,174600,166000,166900,163875
1,-3.0778164924506384,컴투스,A078340,20180411,178200,179200,171800,172200,78568
1,-3.4212002243409985,컴투스,A078340,20180410,180900,180900,174900,178300,50956
1,-3.5886448848419925,컴투스,A078340,20180330,188000,188000,183900,186700,62037
1,3.6666666666666665,컴투스,A078340,20180328,179000,182300,177500,180000,75657
1,6.199304750869062,컴투스,A078340,20180323,178700,184000,172600,172600,152525
1,-6.702702702702703,컴투스,A078340,20180322,186500,187500,183800,185000,94337
1,5.224719101123594,컴투스,A078340,20180319,181800,181800,176900,178000,88316
1,4.195402298850575,컴투스,A078340,20180315,172000,175000,170000,174000,61998
1,4.7086521483225425,컴투스,A078340,20180308,162800,172900,162100,169900,290695
1,6.1875,컴투스,A078340,20180307,160000,162000,157700,160000,71616
1,-4.002463054187191,컴투스,A078340,20180302,162700,162900,159200,162400,104263
1,3.036303630363036,컴투스,A078340,20180222,150600,152400,147500,151500,60492
1,5.610098176718092,컴투스,A078340,20180213,142000,146600,141800,142600,109575
1,-3.445899379738112,컴투스,A078340,20180209,148000,149500,144300,145100,96083
1,-2.6174496644295298,컴투스,A078340,20180208,147500,153300,145600,149000,277147
1,7.72005772005772,컴투스,A078340,20180205,144000,149400,138600,138600,121591
1,-5.7142857142857135,컴투스,A078340,20180202,148100,149500,143500,147000,133882
1,-2.9960053262316912,컴투스,A078340,20180130,153800,154000,149300,150200,120727
1,-2.5308241401687206,컴투스,A078340,20180129,159200,159200,152500,154100,168985
1,-3.142677561282212,컴투스,A078340,20180126,153400,165500,153400,159100,274247
1,4.327868852459017,컴투스,A078340,20180125,149500,157200,148500,152500,123808
1,12.043795620437956,컴투스,A078340,20180117,135000,137500,134400,137000,130962
1,3.0732860520094563,컴투스,A078340,20180111,126000,128600,124600,126900,76193
1,-3.65296803652968,컴투스,A078340,20180103,137000,137000,131300,131400,94691
1,-3.7362637362637363,컴투스,A078340,20180102,136200,139400,134000,136500,74158
1,4.296875,컴투스,A078340,20171221,130500,131600,128000,128000,62179
1,4.731355252606255,컴투스,A078340,20171208,124500,126500,124200,124700,43666
1,-3.7037037037037033,컴투스,A078340,20171127,136100,141000,132800,135000,184094
1,2.8615622583139984,컴투스,A078340,20171122,132100,134500,129300,129300,146219
1,3.472770323599053,컴투스,A078340,20171120,126900,127500,124800,126700,46866
1,3.6666666666666665,컴투스,A078340,20171113,120800,121600,119100,120000,102772
1,-3.2467532467532463,컴투스,A078340,20171108,124000,125500,120500,123200,206978
1,-8.100147275405007,컴투스,A078340,20171106,132500,136000,132500,135800,47532
1,-3.869047619047618,컴투스,A078340,20171025,133900,135800,133400,134400,75073
1,2.7250206440957894,컴투스,A078340,20171012,120900,123200,120600,121100,65322
1,-2.56,컴투스,A078340,20170929,124700,125000,121600,125000,28652
1,-3.9525691699604746,컴투스,A078340,20170922,127100,131400,126400,126500,129840
1,-3.651903651903652,컴투스,A078340,20170919,128600,129600,125900,128700,69154
1,4.058721934369602,컴투스,A078340,20170907,114400,116600,114400,115800,124526
1,4.495412844036697,컴투스,A078340,20170831,109200,110500,108500,109000,50322
1,2.6532479414455628,컴투스,A078340,20170814,110100,111300,108500,109300,41318
1,-2.580071174377224,컴투스,A078340,20170802,114000,114200,112200,112400,33590
1,-4.913793103448277,컴투스,A078340,20170721,118000,118000,115900,116000,39472
1,-2.523128679562657,컴투스,A078340,20170717,118800,119100,117700,118900,20242
1,2.532751091703057,컴투스,A078340,20170711,115600,116000,114200,114500,44632
1,3.336259877085163,컴투스,A078340,20170628,116100,117300,113600,113900,64094
1,3.2565528196981735,컴투스,A078340,20170605,115000,126100,115000,125900,229065
1,8.068669527896995,컴투스,A078340,20170602,116500,117700,116000,116500,36160
1,3.6395147313691516,컴투스,A078340,20170529,115800,117800,114300,115400,61127
1,2.6064291920069502,컴투스,A078340,20170519,118000,119300,115100,115100,97485
1,2.5528169014084514,컴투스,A078340,20170517,114100,115200,111700,113600,121514
1,-4.530201342281879,컴투스,A078340,20170515,119500,120300,117800,119200,89054
1,-4.09967845659164,컴투스,A078340,20170511,120200,129400,120200,124400,304938
1,4.100418410041842,컴투스,A078340,20170510,121100,122600,119000,119500,75701
1,3.6815068493150687,컴투스,A078340,20170504,116000,118000,115500,116800,81431
1,-4.563650920736589,컴투스,A078340,20170417,122600,125800,122600,124900,49524
1,-5.271317829457363,컴투스,A078340,20170413,128500,129000,127400,129000,38783
1,-5.138036809815951,컴투스,A078340,20170407,130800,131000,128900,130400,69309
1,4.4534412955465585,컴투스,A078340,20170404,124300,124900,122700,123500,64777
1,2.6424442609413705,컴투스,A078340,20170331,118300,121100,118300,121100,69563
1,-2.631578947368421,컴투스,A078340,20170327,122300,122500,119400,121600,100797
1,4.181494661921708,컴투스,A078340,20170321,110400,113100,110400,112400,54183
1,5.327102803738318,컴투스,A078340,20170309,108300,110700,107000,107000,60260
1,-3.141831238779174,컴투스,A078340,20170303,111500,113800,110100,111400,80301
1,-4.757709251101322,컴투스,A078340,20170224,112100,114200,112000,113500,65442
1,3.052064631956912,컴투스,A078340,20170221,112800,113000,109800,111400,79539
1,4.955401387512389,컴투스,A078340,20170208,92200,107900,90000,100900,608768
1,10.879120879120881,컴투스,A078340,20170207,89300,92100,89300,91000,121176
1,3.3642691415313224,컴투스,A078340,20170203,87500,88100,85700,86200,34165
1,2.5730994152046787,컴투스,A078340,20170131,86700,87400,85300,85500,58330
1,-2.508551881413911,컴투스,A078340,20170126,86300,88800,86300,87700,51917
1,-3.2511210762331837,컴투스,A078340,20170124,91600,92000,88700,89200,55608
1,-2.5136612021857925,컴투스,A078340,20170123,89700,93400,89400,91500,115616
1,2.57847533632287,컴투스,A078340,20170120,88300,89700,88000,89200,36149
1,-2.7412280701754383,컴투스,A078340,20170116,92500,92500,89600,91200,49388
1,-3.171247357293869,컴투스,A078340,20170109,93600,95500,93000,94600,67739
1,5.4945054945054945,컴투스,A078340,20170102,87900,91000,87300,91000,74084
1,4.357798165137615,컴투스,A078340,20161229,87900,88300,86900,87200,38429
1,3.8372093023255816,컴투스,A078340,20161213,86000,86800,85800,86000,34098
1,3.369434416365824,컴투스,A078340,20161208,81400,84000,80400,83100,86135
1,3.4869240348692405,컴투스,A078340,20161207,78900,80700,78600,80300,54621
1,-2.9666254635352285,컴투스,A078340,20161202,84200,84200,80900,80900,76533
1,-3.6904761904761916,컴투스,A078340,20161201,84800,85200,83400,84000,43138
1,-2.5,컴투스,A078340,20161128,87600,89300,87000,88000,45707
1,3.32541567695962,컴투스,A078340,20161121,84700,85400,83700,84200,35141
1,3.6319612590799033,컴투스,A078340,20161115,82800,84400,82500,82600,101669
1,-2.5581395348837206,컴투스,A078340,20161110,88800,89100,85100,86000,194885
1,-9.424083769633508,컴투스,A078340,20161108,96800,97500,95500,95500,42160
1,3.6637931034482754,컴투스,A078340,20161104,93000,93700,92200,92800,31347
1,-2.736842105263158,컴투스,A078340,20161031,97900,97900,94600,95000,58055
1,-3.1600407747196737,컴투스,A078340,20161028,99300,99800,98100,98100,37090
1,3.429796355841372,컴투스,A078340,20161013,96900,96900,91800,93300,234986
1,-3.7151702786377694,컴투스,A078340,20161012,97600,99000,96100,96900,100821
1,2.6341463414634148,컴투스,A078340,20160920,101100,103400,101100,102500,76437
1,-3.0331753554502368,컴투스,A078340,20160912,107300,108800,105300,105500,112800
1,-3.65296803652968,컴투스,A078340,20160909,111700,113000,109000,109500,75653
1,-2.580071174377224,컴투스,A078340,20160908,112400,114200,112200,112400,126320
1,6.686046511627906,컴투스,A078340,20160831,105800,107300,102800,103200,135707
1,-3.007518796992481,컴투스,A078340,20160830,107800,108500,105600,106400,58406
1,4.322766570605188,컴투스,A078340,20160824,107000,107500,104100,104100,89102
1,-2.528089887640449,컴투스,A078340,20160823,102500,106800,102500,106800,121234
1,3.891050583657588,컴투스,A078340,20160822,105100,105700,102000,102800,142961
1,-3.3834586466165413,컴투스,A078340,20160819,107800,109400,105700,106400,79912
1,-4.222972972972973,컴투스,A078340,20160810,114200,119400,112800,118400,234144
1,5.338078291814947,컴투스,A078340,20160809,110700,112800,109000,112400,99181
1,-2.5951557093425603,컴투스,A078340,20160729,115500,117300,115500,115600,60213
1,-4.177109440267335,컴투스,A078340,20160719,120000,121100,119600,119700,96972
1,-3.0110935023771788,컴투스,A078340,20160713,129000,130900,126000,126200,99883
1,3.543307086614173,컴투스,A078340,20160629,128000,128000,126900,127000,75381
1,2.7027027027027017,컴투스,A078340,20160624,130000,131000,121000,122100,248607
1,-5.128205128205128,컴투스,A078340,20160623,132000,132100,127200,128700,169432
1,-3.301540719002201,컴투스,A078340,20160621,136000,136700,134500,136300,89165
1,4.250559284116331,컴투스,A078340,20160608,133700,135200,133100,134100,75429
1,3.456402199528672,컴투스,A078340,20160503,126000,127700,125100,127300,63907
1,-3.4775888717156103,컴투스,A078340,20160429,128100,130300,127200,129400,68686
1,-3.0256012412723043,컴투스,A078340,20160407,129300,131000,127100,128900,94509
1,3.2,컴투스,A078340,20160401,124400,125700,123200,125000,138331
1,-2.938840349483717,컴투스,A078340,20160324,125100,126300,123700,125900,136264
1,6.276505513146735,컴투스,A078340,20160321,119100,120400,117900,117900,154080
1,3.8135593220338975,컴투스,A078340,20160309,117000,119500,117000,118000,134627
1,-3.065451532725766,컴투스,A078340,20160307,124600,125200,120600,120700,140365
1,-3.2076984763432232,컴투스,A078340,20160304,125200,126400,124200,124700,146081
1,-3.822152886115445,컴투스,A078340,20160224,126000,128600,123500,128200,185793
1,-6.14359733530718,컴투스,A078340,20160222,137400,138800,134300,135100,135054
1,-3.908554572271387,컴투스,A078340,20160129,136700,136900,130900,135600,365260
1,-4.078762306610408,컴투스,A078340,20160126,138600,143900,138500,142200,294046
1,-4.203997243280496,컴투스,A078340,20160122,139600,147500,137000,145100,1056545
1,7.084870848708488,컴투스,A078340,20160121,130500,136900,129600,135500,733084
1,4.552469135802468,컴투스,A078340,20160120,126900,131600,124300,129600,472700
1,7.796610169491526,컴투스,A078340,20160115,125000,128600,118000,118000,737791
1,3.53045013239188,컴투스,A078340,20160108,110800,114500,110100,113300,169914
1,-3.307888040712468,컴투스,A078340,20160105,115500,118200,115500,117900,129848
1,3.3129904097646032,컴투스,A078340,20151229,110500,115000,110500,114700,110107
1,3.800904977375565,컴투스,A078340,20151228,111200,112400,109400,110500,87055
1,-2.9642545771578037,컴투스,A078340,20151221,114600,116700,114100,114700,64152
1,3.333333333333333,컴투스,A078340,20151216,110100,111400,109100,111000,73524
1,-3.368794326241135,컴투스,A078340,20151211,115000,117600,111500,112800,105700
1,-4.369747899159663,컴투스,A078340,20151207,115100,121700,114500,119000,318557
1,4.477611940298506,컴투스,A078340,20151204,113500,117100,113400,113900,85566
1,4.504504504504505,컴투스,A078340,20151130,112400,113000,110200,111000,88133
1,9.661835748792267,컴투스,A078340,20151125,104800,104800,103000,103500,84185
1,3.075396825396825,컴투스,A078340,20151116,99600,103000,99500,100800,100843
1,-3.608736942070275,컴투스,A078340,20151111,104900,107300,104400,105300,176721
1,-9.177489177489175,컴투스,A078340,20151109,120700,122700,115500,115500,244778
1,-3.99002493765586,컴투스,A078340,20151106,115100,121800,114100,120300,296909
1,4.5178105994787146,컴투스,A078340,20151105,114800,115600,114100,115100,86487
1,9.82824427480916,컴투스,A078340,20151023,106200,108200,104600,104800,111756
1,-4.5904590459045895,컴투스,A078340,20151021,111100,111900,109200,111100,102508
1,4.036697247706424,컴투스,A078340,20151013,109100,111500,108700,109000,142360
1,-2.7216856892010535,컴투스,A078340,20151007,113400,115600,112700,113900,141788
1,-2.7586206896551726,컴투스,A078340,20151005,115800,119100,115800,116000,135701
1,3.4703196347031966,컴투스,A078340,20150923,110000,111700,109200,109500,97065
1,7.1080817916260965,컴투스,A078340,20150917,101500,103900,100800,102700,144343
1,-3.0097087378640777,컴투스,A078340,20150904,105000,105300,101000,103000,140899
1,-2.9357798165137616,컴투스,A078340,20150828,109900,111900,108800,109000,119807
1,5.5769230769230775,컴투스,A078340,20150825,102000,105700,100000,104000,294417
1,4.1041041041041035,컴투스,A078340,20150824,105500,107700,98900,99900,319887
1,-4.9476688867745,컴투스,A078340,20150821,106500,108800,101500,105100,336903
1,-6.076854334226987,컴투스,A078340,20150820,111300,113300,109700,111900,241131
1,-4.568527918781727,컴투스,A078340,20150818,120700,121900,117400,118200,143643
1,3.150912106135987,컴투스,A078340,20150811,123000,124000,120400,120600,100149
1,5.479452054794519,컴투스,A078340,20150807,113889,117710,113707,116800,164913
1,-5.868826152051812,컴투스,A078340,20150727,128989,129080,120893,120893,228915
1,-6.408559196723722,컴투스,A078340,20150724,126533,133447,126169,129171,287259
1,2.8980427457321984,컴투스,A078340,20150723,127170,128989,125078,125533,119646
1,5.088722458746386,컴투스,A078340,20150715,130809,133083,127807,128716,324331
1,-8.147956363229232,컴투스,A078340,20150713,136449,145090,135539,142907,620751
1,5.083312499080842,컴투스,A078340,20150710,130536,135994,127170,135994,492747
1,5.6543087106498024,컴투스,A078340,20150709,126260,129444,121803,128716,280690
1,6.914986926848828,컴투스,A078340,20150706,118346,126442,118346,119711,166972
1,-3.2349065983364724,컴투스,A078340,20150703,128898,130445,122713,123713,183988
1,-2.5789838409928496,컴투스,A078340,20150702,125805,130809,123713,126988,314565
1,3.4070551447835578,컴투스,A078340,20150701,112888,122804,112888,122804,349927
1,9.047640190027973,컴투스,A078340,20150630,114253,117437,112524,112615,182147
1,-4.2714831958140485,컴투스,A078340,20150626,121803,122258,119256,119256,125696
1,6.520052849166772,컴투스,A078340,20150618,120339,123897,115892,117315,371257
1,7.392081508624543,컴투스,A078340,20150616,111267,113846,111267,111890,144230
1,-3.145581027135373,컴투스,A078340,20150610,125498,126032,117938,118738,318316
1,-5.25215448451963,컴투스,A078340,20150609,126387,129145,124075,125320,142795
1,4.293406346485132,컴투스,A078340,20150602,127366,127899,120161,120161,275176
1,-2.525268913152814,컴투스,A078340,20150601,122207,126476,121940,123274,316562
1,2.8946797322337776,컴투스,A078340,20150529,112334,124520,112334,119806,507654
1,5.81325514025295,컴투스,A078340,20150528,114825,115447,111445,113224,286863
1,-8.692367076756295,컴투스,A078340,20150522,126743,126921,121407,121762,422371
1,-3.6593953492052185,컴투스,A078340,20150521,126921,129234,124075,126387,496490
1,-5.160995495462821,컴투스,A078340,20150515,136082,144976,135815,137861,721615
1,-4.423724895448783,컴투스,A078340,20150512,149068,153960,142486,142753,1147032
1,-7.705387564572544,컴투스,A078340,20150511,158852,159563,153604,154671,286935
1,-2.8697475863095976,컴투스,A078340,20150507,150758,161609,150491,161164,361202
1,5.902839382051638,컴투스,A078340,20150506,150580,158407,149601,152181,256820
1,-5.5247040115289545,컴투스,A078340,20150430,166856,166945,159118,160986,306058
1,-3.927957605270696,컴투스,A078340,20150429,169436,171392,165255,167568,175038
1,5.8178497158337095,컴투스,A078340,20150424,162765,165789,160630,162053,193323
1,2.7573378213361512,컴투스,A078340,20150420,157428,160541,157251,158051,180927
1,-2.8477485853616487,컴투스,A078340,20150416,166056,167479,161609,162409,288925
1,-2.782122128384249,컴투스,A078340,20150409,174861,175217,171304,172638,162291
1,4.0299023523660775,컴투스,A078340,20150402,168546,169258,164989,167746,133923
1,-2.6493005869812807,컴투스,A078340,20150331,170681,173527,169169,171215,208700
1,6.277444299393491,컴투스,A078340,20150324,162142,164099,157873,160097,257898
1,-9.516787155719165,컴투스,A078340,20150317,181087,181799,177796,180376,236522
1,4.312408706034948,컴투스,A078340,20150311,169347,172371,162854,164989,372092
1,-3.7358803211351765,컴투스,A078340,20150310,171748,176018,167479,171392,517959
1,2.6156485509466334,컴투스,A078340,20150305,164544,168279,162587,163210,299290
1,2.9859443983455063,컴투스,A078340,20150302,159741,160808,157428,157873,246895
1,7.185872672093638,컴투스,A078340,20150226,147734,150224,144888,147289,220760
1,-3.0903977395648266,컴투스,A078340,20150223,151114,155205,150224,152537,430807
1,2.51073581494748,컴투스,A078340,20150217,138217,152714,138128,148801,651980
1,5.886329512058009,컴투스,A078340,20150216,148178,148445,140529,140529,353077
1,-3.304846833457188,컴투스,A078340,20150213,145688,147022,139640,145332,520776
1,-3.002369072355969,컴투스,A078340,20150211,158763,163743,151114,151114,489840
1,-6.028307049400527,컴투스,A078340,20150210,152981,164099,151202,160808,695725
1,3.254804512678263,컴투스,A078340,20150209,164010,164989,150847,155739,477565
1,-2.5595945692298065,컴투스,A078340,20150206,166323,167746,158585,159830,401991
1,2.5524879114022774,컴투스,A078340,20150202,161342,166945,159296,160275,552512
1,-5.260231842914597,컴투스,A078340,20150128,164989,170503,159474,169080,976145
1,3.203281410225109,컴투스,A078340,20150127,174061,191583,163832,163832,2655301
1,-5.392935306719948,컴투스,A078340,20150126,170503,177263,168991,173171,962300
1,13.859374589064512,컴투스,A078340,20150122,159563,159830,149868,152092,559208
1,-3.2807422528314603,컴투스,A078340,20150121,152359,158407,150936,157251,615824
1,5.868689996903068,컴투스,A078340,20150120,145154,150847,137149,148534,643062
1,2.6457808651371324,컴투스,A078340,20150113,146044,149068,143020,144532,415573
1,3.14455624774606,컴투스,A078340,20150108,145421,145599,140085,141419,410212
1,3.2850462802225,컴투스,A078340,20150106,133414,139640,133058,135371,744866
1,4.247012074913751,컴투스,A078340,20150105,130123,131902,127899,129856,301169
1,6.9376104615946295,컴투스,A078340,20141230,120428,121584,118294,120517,253683
1,7.510310011376562,컴투스,A078340,20141226,117137,118560,112068,112512,401221
1,-3.065391574050142,컴투스,A078340,20141224,114202,120784,114113,116070,459772
1,3.243998114264875,컴투스,A078340,20141223,117404,120250,112423,112423,389134
1,-4.024347558841357,컴투스,A078340,20141222,121051,122207,117048,117137,332763
1,-3.657553625477037,컴투스,A078340,20141219,123986,124609,118560,121584,425741
1,15.000327927218894,컴투스,A078340,20141216,114113,115892,99260,106731,1301169
1,-6.687357929707988,컴투스,A078340,20141215,118294,119806,114380,114380,326795
1,-3.8144572639510246,컴투스,A078340,20141212,118560,119450,115358,118916,328312
1,-4.316104505378953,컴투스,A078340,20141208,131902,132169,120962,123630,507374
1,-5.313706267998286,컴투스,A078340,20141205,130746,132347,128878,130568,472727
1,7.2471521696187535,컴투스,A078340,20141202,120873,125053,119895,121496,425215
1,-3.875109871211832,컴투스,A078340,20141124,130746,133948,128522,130835,1186745
1,3.1561435599848617,컴투스,A078340,20141121,119272,129856,116070,126832,1495253
1,6.816688844346375,컴투스,A078340,20141120,123541,127633,117404,118738,893382
1,-4.643430774172823,컴투스,A078340,20141119,122207,127455,121584,124520,1208066
1,5.263157894736842,컴투스,A078340,20141118,117226,120517,114380,118294,880975
1,3.1010319341793333,컴투스,A078340,20141117,125943,127099,114647,114736,1028881
1,-8.250101956770331,컴투스,A078340,20141114,131457,133147,122207,125053,719444
1,-3.1685314956057145,컴투스,A078340,20141113,128433,134125,127810,129145,878946
1,-4.539313699000272,컴투스,A078340,20141111,139462,140529,132880,133236,611519
1,-5.845605902139808,컴투스,A078340,20141110,139818,144710,137683,141508,601933
1,5.0861806488983285,컴투스,A078340,20141107,133147,138839,127010,134659,1231095
1,-9.151306599434431,컴투스,A078340,20141105,137772,153782,137327,146755,1687671
1,-6.832278420741888,컴투스,A078340,20141103,171215,171748,156539,157517,736914
1,-8.711728262696392,컴투스,A078340,20141031,173616,173705,168902,172549,271421
1,3.4786806310875384,컴투스,A078340,20141027,163654,166234,161609,163654,252404
1,2.5644803772086053,컴투스,A078340,20141020,156984,158229,152803,156094,273778
1,4.154322470440653,컴투스,A078340,20141015,147645,152359,144532,149868,313501
1,2.8063411923691666,컴투스,A078340,20141014,151380,152803,145777,145777,327188
1,-3.5879155037631776,컴투스,A078340,20141013,146755,153159,141419,151202,494606
1,5.378324977675276,컴투스,A078340,20141007,147022,149779,139551,142219,499159
1,-4.251551833250299,컴투스,A078340,20141006,155294,155472,147556,148534,388777
1,11.862993838347228,컴투스,A078340,20140929,143909,144265,137683,137950,464602
1,-3.5449587470283883,컴투스,A078340,20140926,139640,143020,137861,143020,582104
1,9.348843365801622,컴투스,A078340,20140924,127633,129234,125943,128433,371335
1,4.727055668214823,컴투스,A078340,20140922,122118,127633,121762,122296,402202
1,14.864124632110595,컴투스,A078340,20140915,112868,113224,107709,107709,531684
1,-6.630662806220634,컴투스,A078340,20140912,123808,124431,112068,115358,587754
1,-5.673120952443253,컴투스,A078340,20140911,124609,126032,121673,122296,333937
1,-2.689455425061269,컴투스,A078340,20140905,124075,128967,123452,125676,455923
1,3.61696899861896,컴투스,A078340,20140902,112601,118027,110289,118027,483569
1,3.4203629663419823,컴투스,A078340,20140829,118738,119450,107354,111801,1456889
1,-6.473201214666344,컴투스,A078340,20140828,117404,119895,115270,119539,713815
1,-6.883977018831791,컴투스,A078340,20140826,122741,128255,117493,125320,1065054
1,2.846919598526069,컴투스,A078340,20140825,133325,135015,115892,121851,1513081
1,-9.987368047809351,컴투스,A078340,20140822,137327,139373,134570,135371,462844
1,6.762921620965785,컴투스,A078340,20140814,120339,125498,120250,123630,786533
1,4.354652193363777,컴투스,A078340,20140813,119983,123274,118471,118471,600073
1,6.193540001299797,컴투스,A078340,20140807,113846,117849,107620,107709,1464417
1,14.418541411732711,컴투스,A078340,20140805,95168,96680,91077,95613,646717
1,11.052725013314397,컴투스,A078340,20140801,83962,85385,82450,84495,480308
1,6.41353098610483,컴투스,A078340,20140729,83161,84139,78892,81827,544371
1,6.957904300423985,컴투스,A078340,20140724,79514,80938,77736,79248,396287
1,-3.016217981734357,컴투스,A078340,20140710,79248,82805,78892,79603,1561467
1,-2.947060917381645,컴투스,A078340,20140708,84673,85918,78892,81471,2428654
1,14.999859459763329,컴투스,A078340,20140704,69375,71154,66618,71154,1277248
1,5.820939916716241,컴투스,A078340,20140703,68574,73733,64038,67240,2451040
1,13.030220435419574,컴투스,A078340,20140701,58257,58702,57012,58702,336928
1,3.1698799044937815,컴투스,A078340,20140627,53098,56389,52298,56122,440284
1,7.678434382194935,컴투스,A078340,20140626,53543,54077,52120,52120,343405
1,3.298783939411684,컴투스,A078340,20140624,51142,52031,49630,51231,450143
1,4.037299114971221,컴투스,A078340,20140620,47851,49363,47762,48473,603067
1,3.807688189313631,컴투스,A078340,20140619,46339,47139,45894,46695,332399
1,4.183744316782009,컴투스,A078340,20140616,46961,48029,43715,44649,698638
1,5.93977659057795,컴투스,A078340,20140610,41358,41981,40780,41180,548828
1,6.0903681078519165,컴투스,A078340,20140605,37845,38734,37267,37978,259870
1,-2.7969917247277207,컴투스,A078340,20140530,38823,40068,38556,39757,310682
1,7.055122418273832,컴투스,A078340,20140526,37800,38156,36199,36555,520479
1,-4.195932487682147,컴투스,A078340,20140523,38690,38734,37667,38156,215242
1,3.5304428802278762,컴투스,A078340,20140520,36688,37000,35399,36511,409789
1,2.6092820076812573,컴투스,A078340,20140513,31930,34598,31886,34109,923844
1,8.641228181934006,컴투스,A078340,20140512,31485,31974,30640,31396,202352
1,-3.9574193944228,컴투스,A078340,20140508,33220,33487,32286,32597,251905
1,-2.5233672768537043,컴투스,A078340,20140424,33131,33709,31352,33487,527526
1,-3.6577131953618087,컴투스,A078340,20140422,33664,34243,32686,34065,425483
1,2.974960495928042,컴투스,A078340,20140417,34554,34910,32908,32908,811908
1,-4.517626577687509,컴투스,A078340,20140416,34687,35132,33442,34465,974942
1,-3.2697855971035814,컴투스,A078340,20140414,32464,36777,32464,35354,3109085
1,8.902168555938886,컴투스,A078340,20140411,31619,32464,30996,32464,878238
1,-7.958317697658979,컴투스,A078340,20140407,34065,34643,33220,34643,1759358
1,3.4278434509525084,컴투스,A078340,20140403,32464,33753,32286,33753,2886664
1,14.997785424687404,컴투스,A078340,20140402,25971,29351,25971,29351,1619018
1,14.984721460471675,컴투스,A078340,20140401,24859,25660,24548,25526,405557
1,8.320647209777741,컴투스,A078340,20140328,22458,23303,22280,22991,411630
1,4.23448338395974,컴투스,A078340,20140327,22146,22813,21702,22057,246015
1,-3.128850554479845,컴투스,A078340,20140325,22902,23125,22413,22724,196490
1,2.9818051768071885,컴투스,A078340,20140321,22280,22591,22057,22369,283654
1,2.9138948749180176,컴투스,A078340,20140318,21479,21613,20812,21346,508134
1,-7.542081684137273,컴투스,A078340,20140314,23480,23703,22947,22991,369042
1,-4.0842720066750084,컴투스,A078340,20140313,23480,24370,23391,23970,540450
1,2.862292408702742,컴투스,A078340,20140312,24503,24637,23169,23303,551863
1,-5.583242170090354,컴투스,A078340,20140311,25259,25259,24548,24681,270234
1,-2.9361503806120863,컴투스,A078340,20140307,26460,26994,25571,25748,920452
1,-2.852399637790522,컴투스,A078340,20140306,25037,26549,24992,26504,837758
1,6.6173216943561695,컴투스,A078340,20140305,25259,25304,24637,24859,282959
1,-3.855393218603552,컴투스,A078340,20140226,26771,26949,25393,25393,491255
1,-4.191820102626019,컴투스,A078340,20140225,26104,26593,25660,26504,363496
1,3.4706226820222525,컴투스,A078340,20140224,26682,27305,25571,25615,609392
1,-3.8403784067872966,컴투스,A078340,20140221,26238,26727,25660,26638,686159
1,14.909025884035945,컴투스,A078340,20140212,22324,22680,21835,22369,390798
1,5.326748813348036,컴투스,A078340,20140207,20634,21079,20367,20857,224233
1,-2.9680800381133885,컴투스,A078340,20140205,20634,21168,20501,20990,171641
1,3.0588697402661165,컴투스,A078340,20140204,20056,20590,20012,20367,99367
1,3.8031995170540296,컴투스,A078340,20140128,19745,20101,19256,19878,154376
1,-6.342112769801274,컴투스,A078340,20140124,21568,21657,20634,21034,211923
1,2.7295870262115782,컴투스,A078340,20140121,21346,21702,21123,21212,144997
1,-2.8429087252616667,컴투스,A078340,20140117,22547,22858,21791,21879,248823
1,-2.57814587229495,컴투스,A078340,20140116,22280,22635,21968,22458,199376
1,6.107087061496947,컴투스,A078340,20140114,20545,21435,20456,21123,256173
1,-5.359792284866469,컴투스,A078340,20140107,21479,21791,21212,21568,147618
1,-3.373042430732164,컴투스,A078340,20131230,22813,23169,22413,22413,218603
1,3.8936503548060086,컴투스,A078340,20131226,22547,22724,21657,21702,270901
1,-3.935195431809128,컴투스,A078340,20131224,22947,23080,22458,22591,228815
1,3.229909598873393,컴투스,A078340,20131220,21613,22235,21390,22013,313224
1,7.964777871747675,컴투스,A078340,20131217,21079,21257,20056,20101,293520
1,-3.624682360838088,컴투스,A078340,20131216,21746,21924,20857,20857,237852
1,-2.696524376020527,컴투스,A078340,20131213,21123,21702,20901,21435,425034
1,2.5549016793454857,컴투스,A078340,20131212,19834,20901,19834,20901,279457
1,3.5215453194650816,컴투스,A078340,20131211,20101,21212,20056,20190,505523
1,3.230162027420025,컴투스,A078340,20131209,19967,20145,19256,19256,194341
1,-4.2224665200879485,컴투스,A078340,20131204,20590,20857,19789,20012,250195
1,-3.225494462981769,컴투스,A078340,20131203,20323,21479,20323,20679,375376
1,-4.393846732840947,컴투스,A078340,20131129,21212,21613,20768,21257,258647
1,2.587961616749055,컴투스,A078340,20131127,20456,21034,20190,20634,384156
1,10.397417343871759,컴투스,A078340,20131122,17254,18322,17254,17966,509400
1,5.757004944666822,컴투스,A078340,20131121,17477,17699,16854,16988,185948
1,-3.290447455311397,컴투스,A078340,20131120,16899,18188,16321,17566,439904
1,4.777810915597971,컴투스,A078340,20131119,17254,17477,16676,16765,217672
1,-3.5829307568438,컴투스,A078340,20131118,16676,17432,16498,17388,260600
1,4.269609018949389,컴투스,A078340,20131115,17077,17388,16587,16676,192161
1,-5.206182690698063,컴투스,A078340,20131113,16765,18678,16765,17921,818650
1,7.176604270079541,컴투스,A078340,20131112,16321,17210,16321,16721,186435
1,-4.636606004404776,컴투스,A078340,20131108,16899,18010,16899,17254,349249
1,-5.173082248684575,컴투스,A078340,20131106,18811,19211,17921,18055,262181
1,-4.91863710569277,컴투스,A078340,20131105,19656,19745,18855,18989,190876
1,-4.042649957046844,컴투스,A078340,20131104,20190,20278,19789,19789,128338
1,3.1201482446035964,컴투스,A078340,20131023,20679,20768,19967,19967,217024
1,-3.648120445881388,컴투스,A078340,20131022,20367,20768,19878,20723,281346
1,7.822657998507942,컴투스,A078340,20131017,19434,19611,18678,18766,492672
1,-3.8725540415940993,컴투스,A078340,20131016,20545,20723,19078,19522,627198
1,-4.565897536175205,컴투스,A078340,20131015,20234,20723,20012,20456,451391
1,-3.401751112386968,컴투스,A078340,20131011,22547,22635,20590,20901,1086479
1,-5.999550258601304,컴투스,A078340,20131010,23747,24014,22057,22235,661550
1,-6.193308863856896,컴투스,A078340,20131008,23747,24815,23391,23703,655658
1,-5.72711301971501,컴투스,A078340,20131004,25837,26060,25348,25615,150991
1,-3.4543975146090684,컴투스,A078340,20130927,26104,28194,25748,27038,775880
1,4.648372489066069,컴투스,A078340,20130926,24503,25882,24281,25837,244577
1,4.683764839350109,컴투스,A078340,20130925,25348,25660,24681,24681,128938
1,-2.631371311346063,컴투스,A078340,20130924,25304,25971,25304,25348,124604
1,4.7784391534391535,컴투스,A078340,20130911,23614,24325,23569,24192,279380
1,3.619308690624063,컴투스,A078340,20130910,23480,23658,23080,23347,161535
1,-4.645840025698684,컴투스,A078340,20130905,24992,25437,24815,24904,189882
1,-3.654676258992805,컴투스,A078340,20130827,25926,25971,24325,24325,353555
1,-6.015763851325247,컴투스,A078340,20130826,25348,26060,25348,25882,189047
1,2.8287644020659517,컴투스,A078340,20130823,24815,25660,24681,25170,275763
1,-7.237961387676602,컴투스,A078340,20130821,28194,28417,26816,27038,266277
1,-3.0305203887673486,컴투스,A078340,20130820,28595,29217,27839,27883,189198
1,-3.5390576350930605,컴투스,A078340,20130819,28861,29529,28728,28906,210393
1,-5.13568999807532,컴투스,A078340,20130812,32197,32241,31130,31174,157603
1,-3.5128236295125808,컴투스,A078340,20130805,32375,33086,32108,32908,336142
1,2.5297666045542115,컴투스,A078340,20130801,32019,32775,31263,31663,378531
1,6.313356447086017,컴투스,A078340,20130726,30107,30507,29884,30285,149690
1,4.60079324021383,컴투스,A078340,20130723,28817,29440,28817,28995,161875
1,-3.28728446102652,컴투스,A078340,20130719,30907,31218,29706,29751,254017
1,-2.901436031331593,컴투스,A078340,20130718,31041,31263,30418,30640,156293
1,4.855660956800655,컴투스,A078340,20130715,28995,29662,28461,29306,146065
1,5.6252485448826866,컴투스,A078340,20130710,28684,28728,27661,27661,168513
1,-2.7983838919062127,컴투스,A078340,20130704,29751,30640,29173,30196,209864
1,-4.9843039272214735,컴투스,A078340,20130702,31307,31752,30596,31218,260229
1,4.348998718899602,컴투스,A078340,20130628,29840,30329,29484,29662,280740
1,-2.625626905300422,컴투스,A078340,20130626,28461,30952,28017,30507,482017
1,8.887461184280971,컴투스,A078340,20130625,29306,30018,27661,28017,410769
1,-5.1203901249619035,컴투스,A078340,20130624,31485,32330,29529,29529,229316
1,-6.212482134349692,컴투스,A078340,20130621,31130,31841,30596,31485,246312
1,-7.899565989921645,컴투스,A078340,20130618,33531,34331,32241,34331,335099
1,3.2076719576719577,컴투스,A078340,20130617,32730,34065,32108,33264,340476
1,-2.991403006023744,컴투스,A078340,20130613,36110,37222,33664,34198,612728
1,-5.759479717813053,컴투스,A078340,20130612,35932,37133,35843,36288,257305
1,-5.9552327228704645,컴투스,A078340,20130605,39801,40691,38823,38823,248525
1,-4.603235747303544,컴투스,A078340,20130531,43670,44115,41180,41536,524173
1,-4.204432759058096,컴투스,A078340,20130530,44649,45005,43359,43359,377852
1,-2.8892024457434657,컴투스,A078340,20130529,45894,46161,44649,44649,357269
1,-2.5237419495688242,컴투스,A078340,20130528,45183,46872,45094,45805,333802
1,-4.673839946200403,컴투스,A078340,20130522,48473,48562,47406,47584,279714
1,6.101852466635681,컴투스,A078340,20130516,45627,45805,44738,45183,209405
1,6.311260921630372,컴투스,A078340,20130507,46695,46872,45094,45094,468806
1,3.9108665253281623,컴투스,A078340,20130503,45627,45894,43315,44338,541688
1,-6.054917170383513,컴투스,A078340,20130429,49363,50074,48384,48473,262293
1,3.738651647612644,컴투스,A078340,20130425,51053,51053,47317,47584,484661
1,-6.140402785174666,컴투스,A078340,20130424,49630,50697,48740,50697,362000
1,4.205463402602208,컴투스,A078340,20130423,49896,50430,48384,48651,325800
1,-3.1859428480458485,컴투스,A078340,20130422,50341,50875,49541,50252,195602
1,-3.9121954950476114,컴투스,A078340,20130417,51409,53187,50252,52298,540747
1,3.1579777896127967,컴투스,A078340,20130416,48740,50697,48562,50697,407836
1,3.074107959743824,컴투스,A078340,20130415,49185,49985,48740,49185,273669
1,4.578809595331073,컴투스,A078340,20130411,44738,46606,44649,46606,374615
1,5.7520818678949865,컴투스,A078340,20130410,44827,45005,43804,44071,278906
1,2.7956889126841875,컴투스,A078340,20130408,47762,48207,42559,42959,844548
1,-10.223401809784539,컴투스,A078340,20130405,51409,51853,47406,47851,635107
1,-6.1082332626952365,컴투스,A078340,20130404,49896,51764,49185,50964,633417
1,6.923243243243244,컴투스,A078340,20130401,46339,46961,45894,46250,195637
1,3.6000989408828223,컴투스,A078340,20130320,44827,45449,43670,44471,225275
1,-4.572224006852982,컴투스,A078340,20130315,47050,47228,45183,46695,253176
1,3.9296679993815022,컴투스,A078340,20130311,45627,46161,43493,45271,402640
1,10.081895155693331,컴투스,A078340,20130304,44160,44382,43003,43226,352608
1,2.7105608703807915,컴투스,A078340,20130226,41447,43003,41447,42648,409934
1,3.0095164484807486,컴투스,A078340,20130225,42247,42425,41091,41402,270749
1,3.5162717141515727,컴투스,A078340,20130221,40335,40869,39357,40469,286897
1,6.724435806068459,컴투스,A078340,20130218,38156,38245,37000,37044,367316
1,2.7816298229871936,컴투스,A078340,20130214,34198,36777,33931,36777,670522
1,8.814131013669448,컴투스,A078340,20130213,34243,34287,33442,33798,310463
1,3.402068163739828,컴투스,A078340,20130208,31619,32686,31174,32686,419428
1,2.941546989166037,컴투스,A078340,20130207,33575,33887,31530,31752,663315
1,-4.928438828672375,컴투스,A078340,20130206,35176,35265,33398,33398,492459
1,-3.5937996131974717,컴투스,A078340,20130205,33976,34910,33398,34643,683781
1,3.042831647828673,컴투스,A078340,20130204,35221,35577,33353,33620,1194889
1,-5.303118454735864,컴투스,A078340,20130130,34554,35577,34198,34376,466842
1,-7.06087499674674,컴투스,A078340,20130125,38245,39045,37667,38423,222961
1,2.7816298229871936,컴투스,A078340,20130122,37267,37845,36555,36777,384076
1,-2.7063492063492065,컴투스,A078340,20130121,39312,39446,37400,37800,334120
1,-4.045074408145734,컴투스,A078340,20130116,39757,40602,38912,39579,266642
1,-4.873633310307043,컴투스,A078340,20130114,41803,42737,41625,41981,298244
1,-6.199545771401588,컴투스,A078340,20130109,44916,45894,44115,44471,402821
1,4.959912709331562,컴투스,A078340,20130103,42959,43137,41447,42158,368406
1,8.315701422034149,컴투스,A078340,20121226,41180,41313,39668,40646,395138
1,10.723090677575787,컴투스,A078340,20121221,36777,38023,35755,36911,564677
1,-12.150007253735676,컴투스,A078340,20121218,43937,44204,40869,41358,527843
1,-5.004938328318442,컴투스,A078340,20121217,44471,45094,43404,43537,424345
1,-3.3524532096254487,컴투스,A078340,20121210,43670,44382,42826,43759,699164
1,3.218568292035612,컴투스,A078340,20121206,45716,46428,40202,41447,1576782
1,-9.161242246915203,컴투스,A078340,20121205,51942,52298,44738,45627,1277418
1,-12.903964724072766,컴투스,A078340,20121204,49363,52387,49007,52387,620630
1,5.935048127477149,컴투스,A078340,20121203,52209,52654,49452,49452,580718
1,-5.280698730104005,컴투스,A078340,20121130,54699,56567,51053,52209,765278
1,-4.242324199405745,컴투스,A078340,20121129,55233,55945,53810,54522,290914
1,-3.7158222670866894,컴투스,A078340,20121126,58969,60659,57101,57457,230933
1,-2.564059081890485,컴투스,A078340,20121123,59147,60481,58524,58969,180009
1,-3.1327578198824417,컴투스,A078340,20121120,58079,62437,56834,62437,656067
1,11.604254178210745,컴투스,A078340,20121119,54522,56834,54522,55945,284228
1,2.6099556142474603,컴투스,A078340,20121116,59769,61103,53810,54522,616980
1,-9.049660533471233,컴투스,A078340,20121115,59147,61548,57368,59947,365890
1,-3.0219202458950094,컴투스,A078340,20121113,62882,63505,60925,61815,456495
1,7.715797692374425,컴투스,A078340,20121109,57901,58346,56211,57635,229789
1,-5.507576992015642,컴투스,A078340,20121105,60125,61993,59858,61370,359783
1,2.5259781482842727,컴투스,A078340,20121102,59680,60125,58969,59858,208920
1,3.1781213692018944,컴투스,A078340,20121029,55144,56211,54344,55945,321764
1,-4.696603182174372,컴투스,A078340,20121022,55589,59147,55233,58702,422152
1,3.1252744936141807,컴투스,A078340,20121019,57990,59058,53543,56923,1112602
1,-8.252350850709188,컴투스,A078340,20121017,62615,65373,61815,63594,506328
1,2.582549642701596,컴투스,A078340,20121016,63505,63505,59769,61993,370296
1,-3.562407589945786,컴투스,A078340,20121012,64038,65195,62526,64928,335691
1,2.6724437838008788,컴투스,A078340,20121011,62615,64928,61637,63238,425432
1,7.96997311782508,컴투스,A078340,20121002,57635,60392,57279,59147,483497
1,-3.761857498494932,컴투스,A078340,20120921,60481,63327,60214,61459,737425
1,3.4436907747462677,컴투스,A078340,20120920,58435,59858,57635,59413,363993
1,2.812571368339687,컴투스,A078340,20120918,54788,57190,54788,56923,551421
1,5.4363932725790916,컴투스,A078340,20120917,55678,56034,52654,53988,728776
1,-4.559195290540421,컴투스,A078340,20120914,60036,60659,55233,56567,652112
1,-4.362013288924207,컴투스,A078340,20120913,59591,60214,58346,59147,300144
1,8.146844355041488,컴투스,A078340,20120910,55767,57012,55500,55678,348197
1,5.80199539524175,컴투스,A078340,20120906,54699,55411,52120,52120,405378
1,-4.0924481083468285,컴투스,A078340,20120905,54255,55589,51586,54344,832282
1,-8.079388475645287,컴투스,A078340,20120903,58257,61726,57190,58346,646162
1,6.590353411869304,컴투스,A078340,20120828,50608,56300,50519,53988,819123
1,6.678785962693643,컴투스,A078340,20120827,49452,51142,48118,50608,393805
1,4.2837402118839245,컴투스,A078340,20120823,46695,48473,46428,47762,353950
1,2.943121693121693,컴투스,A078340,20120821,44249,46161,43937,45360,396455
1,2.5107912043210017,컴투스,A078340,20120820,44827,45183,43759,44249,322711
1,3.420795078529151,컴투스,A078340,20120816,42959,43670,42381,42914,318040
1,-2.639028399232947,컴투스,A078340,20120813,43582,44382,43048,43804,283565
1,6.372025254978143,컴투스,A078340,20120808,41447,42336,40646,41180,393215
1,8.846225239320093,컴투스,A078340,20120803,38200,38823,37400,37711,248627
1,-2.742084703947368,컴투스,A078340,20120801,37000,38912,36911,38912,311319
1,5.549829110833831,컴투스,A078340,20120731,37578,38156,36288,36866,352703
1,-2.9835735836406303,컴투스,A078340,20120727,39890,40024,38156,38779,298598
1,4.6801440044309075,컴투스,A078340,20120723,37356,38156,36110,36110,339664
1,-5.90963572880296,컴투스,A078340,20120720,38556,39668,37756,38378,464056
1,12.499268021315222,컴투스,A078340,20120718,36244,36733,34154,34154,703005
1,-5.416782054832456,컴투스,A078340,20120717,36199,37889,35399,36110,578487
1,-5.664595627420907,컴투스,A078340,20120713,39801,40113,36288,38467,703057
1,-3.5673101027826526,컴투스,A078340,20120712,40780,40958,39312,39890,282712
1,-3.7341908853104235,컴투스,A078340,20120709,41536,42336,41402,41669,228217
1,9.291585342386671,컴투스,A078340,20120702,36199,37089,35799,36377,405184
1,-3.8698792639848167,컴투스,A078340,20120628,39801,40068,36955,37934,522790
1,-3.61562110933252,컴투스,A078340,20120627,40202,40469,38868,39357,343143
1,6.3845622242305025,컴투스,A078340,20120621,35310,37622,34732,37622,569330
1,6.953604730498067,컴투스,A078340,20120620,34331,35443,33220,35176,846138
1,-7.100527668786363,컴투스,A078340,20120618,37800,38067,35755,36955,572380
1,4.133791704238051,컴투스,A078340,20120614,33531,35488,33042,35488,616512
1,4.450200141276195,컴투스,A078340,20120613,34687,35888,33398,33976,921544
1,6.075909163093537,컴투스,A078340,20120611,31174,31974,30551,31485,378637
1,3.7489043220281832,컴투스,A078340,20120607,29795,30551,29128,29662,496302
1,8.145028383080021,컴투스,A078340,20120604,27083,28639,26949,27305,410687
1,5.890369473046638,컴투스,A078340,20120529,25748,26593,25304,26416,300855
1,-4.1263126646628825,컴투스,A078340,20120524,27305,28105,26682,26949,505003
1,-3.2175264813275004,컴투스,A078340,20120522,25926,27705,25615,27661,787515
1,9.896702423520065,컴투스,A078340,20120521,25081,25704,24459,25170,294529
1,2.9069054335827302,컴투스,A078340,20120518,25393,25882,24059,24459,428759
1,-5.658412404535987,컴투스,A078340,20120517,25793,26371,24904,25926,437863
1,-3.866213151927437,컴투스,A078340,20120515,25793,26638,24992,26460,702632
1,2.5859729383941383,컴투스,A078340,20120514,24459,26682,24236,25793,1173613
1,8.210270179560329,컴투스,A078340,20120511,22947,24726,22947,23836,450566
1,3.675351224392154,컴투스,A078340,20120510,23080,23614,22769,22991,307987
1,3.3864898763662428,컴투스,A078340,20120508,21835,22547,21568,22324,416148
1,4.147422439934687,컴투스,A078340,20120507,21702,22591,21346,21435,351657
1,-2.819966450559913,컴투스,A078340,20120504,21168,22191,21079,22057,421519
1,4.421720399564457,컴투스,A078340,20120503,21702,21746,20679,21123,291040
1,-2.8648946932769244,컴투스,A078340,20120502,20501,21746,20323,21746,358510
1,6.770756616094662,컴투스,A078340,20120430,21435,21524,20101,20367,432234
1,-4.384770668043754,컴투스,A078340,20120427,20990,21613,20679,21301,362574
1,-8.628747795414464,컴투스,A078340,20120424,23214,23658,22680,22680,444324
1,2.5579854208084822,컴투스,A078340,20120420,22680,22947,22057,22635,405988
1,7.417818008575512,컴투스,A078340,20120417,20101,21079,19789,20990,488063
1,4.887067759344394,컴투스,A078340,20120416,19878,20723,19878,20012,426537
1,4.850436227669298,컴투스,A078340,20120412,20145,20145,19078,19256,323404
1,-2.69341553388246,컴투스,A078340,20120410,19656,20723,19122,19789,803408
1,3.0086929363385564,컴투스,A078340,20120409,19167,20012,18766,19211,783779
1,12.101307769690516,컴투스,A078340,20120405,17254,17432,16587,16899,139678
1,-4.207948346877435,컴투스,A078340,20120403,17032,18010,16988,17966,328883
1,7.445726930207522,컴투스,A078340,20120402,17121,17343,16676,16721,91181
1,-2.599147246072075,컴투스,A078340,20120328,18188,18188,17121,17121,288705
1,-6.324889205011762,컴투스,A078340,20120327,18099,18589,18099,18277,162528
1,-6.036416757969429,컴투스,A078340,20120322,18944,19300,18722,19167,251681
1,6.126663607159247,컴투스,A078340,20120315,17388,17699,17343,17432,162560
1,2.8861476716047925,컴투스,A078340,20120312,16988,16988,16498,16943,121675
1,-3.4476588130032813,컴투스,A078340,20120305,16365,17077,16365,16765,257878
1,-2.908982748364069,컴투스,A078340,20120227,17343,17343,16676,16810,126528
1,-3.0732860520094563,컴투스,A078340,20120224,17165,17388,16810,17343,138705
1,2.9013883944464225,컴투스,A078340,20120223,17121,17343,16854,16854,229156
1,-3.0710835058661146,컴투스,A078340,20120222,18055,18055,17343,17388,213635
1,-3.4536368684064414,컴투스,A078340,20120221,17165,18188,17165,18010,333489
1,3.577179664136186,컴투스,A078340,20120220,17966,18010,17388,17388,165584
1,5.595926074269039,컴투스,A078340,20120213,17655,17655,17299,17477,197209
1,3.40240169531434,컴투스,A078340,20120208,16854,17566,16498,16988,352392
1,-7.920516531225648,컴투스,A078340,20120203,18500,19122,17921,17966,282819
1,-2.8864864864864863,컴투스,A078340,20120202,19078,19078,18366,18500,204311
1,5.073054152408886,컴투스,A078340,20120130,18989,19078,18411,18411,234788
1,-4.3882426256751135,컴투스,A078340,20120127,19878,19923,18989,19256,402911
1,-4.203770956668822,컴투스,A078340,20120126,20056,20412,19522,20101,254243
1,-3.811338732729872,컴투스,A078340,20120119,21435,21524,20857,20990,209155
1,-2.819966450559913,컴투스,A078340,20120117,22413,22591,21835,22057,321754
1,7.114471261025492,컴투스,A078340,20120113,20990,20990,20456,20634,170019
1,2.5121136566778004,컴투스,A078340,20120109,21390,21968,20990,21257,182510
1,8.407011805591045,컴투스,A078340,20111229,18455,19700,18322,19567,326359
1,7.316404321834037,컴투스,A078340,20111228,17921,18678,17921,18233,181330
1,-6.480662120660037,컴투스,A078340,20111226,19745,20056,19211,19211,294363
1,7.210810810810813,컴투스,A078340,20111221,18010,19211,17966,18500,427919
1,5.587580617544661,컴투스,A078340,20111220,17477,18366,17343,17521,266263
1,-10.552375058022587,컴투스,A078340,20111216,18277,20012,18277,19389,604267
1,7.127465605834576,컴투스,A078340,20111215,19122,19834,18099,18099,464492
1,-6.653257001392541,컴투스,A078340,20111214,20901,21257,18722,19389,524244
1,-5.8329286061194745,컴투스,A078340,20111213,20590,21257,20145,20590,332236
1,-2.7191042950557467,컴투스,A078340,20111208,21168,21746,20901,21257,199732
1,-4.8891040309804605,컴투스,A078340,20111205,23614,23614,22502,22724,239008
1,-2.8515240904621435,컴투스,A078340,20111202,23258,24414,23169,23391,302170
1,-3.356267830172848,컴투스,A078340,20111129,22057,24325,21835,23836,649532
1,9.833195097226064,컴투스,A078340,20111128,22324,22547,21702,21702,210893
1,-5.342057313235051,컴투스,A078340,20111122,23881,24414,23436,24148,254676
1,-3.454761028660206,컴투스,A078340,20111117,23658,24459,22813,24459,448314
1,3.776146633289491,컴투스,A078340,20111116,24992,25037,23525,23569,625701
1,-4.6792849631966345,컴투스,A078340,20111115,26238,26860,24681,24726,659184
1,-6.237912858822192,컴투스,A078340,20111114,26416,26460,25170,26371,583644
1,-12.343206493095815,컴투스,A078340,20111027,28461,28817,27394,28461,777967
1,14.965121050471893,컴투스,A078340,20111024,24637,24859,23703,24370,447268
1,3.2504944535213687,컴투스,A078340,20111020,25571,26416,22947,23258,765884
1,-7.268450221283042,컴투스,A078340,20111019,25170,25971,24503,25081,706705
1,3.719958202716824,컴투스,A078340,20111013,23747,24325,23214,23925,670363
1,2.8678304239401498,컴투스,A078340,20111012,22680,24459,22680,23258,1297830
1,3.5622050048980323,컴투스,A078340,20111011,23436,23480,22057,22458,997963
1,-3.068755664897061,컴투스,A078340,20111010,21257,23569,20901,23169,1313815
1,12.285548124454785,컴투스,A078340,20111007,20901,21301,19211,20634,1430571
1,-5.748718659094057,컴투스,A078340,20111005,24548,24592,21390,21657,1111597
1,-11.77692683721688,컴투스,A078340,20111004,23703,24548,23036,24548,908656
1,6.343783783783784,컴투스,A078340,20110929,22591,23125,21968,23125,818882
1,2.563533951301725,컴투스,A078340,20110928,22591,24059,22235,22547,1286773
1,7.611458740711771,컴투스,A078340,20110926,24370,24859,20234,20456,2221141
1,-14.02151983860121,컴투스,A078340,20110923,24281,25793,22902,23792,2872833
1,12.293797806653767,컴투스,A078340,20110921,20367,22680,19923,21702,2711858
1,9.175973437971626,컴투스,A078340,20110920,17343,19878,17032,19878,1697902
1,14.90837620671715,컴투스,A078340,20110919,17121,17655,16810,17299,831778
1,5.220238462964106,컴투스,A078340,20110915,17699,18144,15298,16187,1642063
1,-5.2116882356385785,컴투스,A078340,20110914,17210,18811,17077,17077,1988457
1,-2.8122843340234644,컴투스,A078340,20110908,17788,18188,16676,17388,2163790
1,15.0,컴투스,A078340,20110906,15565,15698,14364,15120,1084064
1,-5.292828061384278,컴투스,A078340,20110905,15565,16765,15342,15965,1915127
1,4.060748272715422,컴투스,A078340,20110902,13786,15476,13786,15342,2267976
1,13.484725201568162,컴투스,A078340,20110901,13875,14052,13252,13519,452320
1,5.067233913241663,컴투스,A078340,20110830,13074,13786,12852,13163,590135
1,3.565692258271764,컴투스,A078340,20110826,12274,12985,11829,12452,507465
1,-10.967648338894527,컴투스,A078340,20110824,13030,14230,12629,13786,1102171
1,8.015356891013083,컴투스,A078340,20110823,12007,12763,11829,12763,595382
1,9.544245129173461,컴투스,A078340,20110822,12852,12941,11117,11651,600352
1,-5.75911995470355,컴투스,A078340,20110819,13296,14230,11918,12363,889449
1,-11.465196218848467,컴투스,A078340,20110818,13875,14542,13474,13964,960532
1,3.976172747580045,컴투스,A078340,20110817,13919,14008,13208,13430,953699
1,-2.5823298998984483,컴투스,A078340,20110816,13430,14586,13252,13786,1645328
1,8.015356891013083,컴투스,A078340,20110812,11518,12763,11473,12763,1273972
1,14.806152739048304,컴투스,A078340,20110811,10228,11695,10050,11117,968251
1,14.491382934005886,컴투스,A078340,20110809,10673,10673,9339,9516,766402
1,-13.008501691196635,컴투스,A078340,20110808,12096,12585,10361,10939,524680
1,-10.225687320475995,컴투스,A078340,20110805,11829,13163,11340,12185,573570
1,-4.856718981806824,컴투스,A078340,20110804,12985,14141,12763,12807,1037222
1,8.747327917913639,컴투스,A078340,20110726,11518,11784,11473,11695,86005
1,-2.989977259327887,컴투스,A078340,20110719,11651,11962,11607,11873,173659
1,2.689846047396644,컴투스,A078340,20110718,11473,11740,11429,11562,248235
1,2.7641987378899646,컴투스,A078340,20110715,11295,11740,11251,11251,269179
1,-3.2808036125702698,컴투스,A078340,20110706,10984,11028,10851,10851,47195
1,4.601053820097857,컴투스,A078340,20110701,10539,10806,10450,10628,103068
1,2.5440686040971894,컴투스,A078340,20110623,10050,10539,9872,10495,165001
1,5.360907539403675,컴투스,A078340,20110622,10139,10317,9961,9961,78830
1,4.61139896373057,컴투스,A078340,20110617,9783,9917,9427,9650,92208
1,-2.6567164179104483,컴투스,A078340,20110613,9917,10317,9917,10050,88094
1,3.22279792746114,컴투스,A078340,20110608,9872,9961,9605,9650,50991
1,2.845571778748801,컴투스,A078340,20110530,9339,9561,9339,9383,52572
1,2.943121693121693,컴투스,A078340,20110525,9072,9294,9027,9072,40885
1,3.4907138062206307,컴투스,A078340,20110506,9027,9072,8885,8938,98749
1,-4.18366279677858,컴투스,A078340,20110425,10006,10006,9472,9561,221638
1,-4.015661078205,컴투스,A078340,20110422,10272,10361,9694,9961,175404
1,-2.610481032459914,컴투스,A078340,20110421,10139,10361,10006,10228,114640
1,-3.3779295948382204,컴투스,A078340,20110418,10939,11028,10495,10539,140246
1,5.1985981308411215,컴투스,A078340,20110414,10450,10584,10183,10272,64630
1,-2.5122318404215283,컴투스,A078340,20110406,10895,10939,10584,10628,74353
1,3.9800995024875614,컴투스,A078340,20110329,10050,10228,10006,10050,56962
1,3.1360290410406373,컴투스,A078340,20110323,10006,10050,9917,9917,57158
1,4.6980574324324325,컴투스,A078340,20110318,9605,9694,9472,9472,88334
1,-3.6223036223036233,컴투스,A078340,20110316,9739,10139,9516,9828,143357
1,-3.9281154865953054,컴투스,A078340,20110314,10584,10673,9872,10183,257608
1,-7.292425345957756,컴투스,A078340,20110311,10851,11162,10272,10984,360192
1,-3.1393298059964727,컴투스,A078340,20110310,11117,11873,11117,11340,1281380
1,9.448894894315222,컴투스,A078340,20110309,9739,10539,9605,10361,275381
1,7.367875647668394,컴투스,A078340,20110308,9516,9694,9339,9650,62760
1,3.9437243824083295,컴투스,A078340,20110224,9427,9427,9027,9027,89445
1,-3.7940957049984014,컴투스,A078340,20110223,9605,9694,9294,9383,64813
1,-2.7046191247974067,컴투스,A078340,20110221,9739,10050,9650,9872,72639
1,4.8,컴투스,A078340,20110217,9516,9828,8876,9250,177296
1,-3.178983951753041,컴투스,A078340,20110215,11162,11251,9605,9783,591834
1,-13.04772909074749,컴투스,A078340,20110214,11562,11607,11117,11251,48593
1,-2.9649371200133254,컴투스,A078340,20110126,12007,12229,11740,12007,166293
1,-4.625480153649168,컴투스,A078340,20110124,12363,12896,12318,12496,97517
1,-5.475548710050059,컴투스,A078340,20110120,12896,13252,12540,12985,92469
1,4.169594752869524,컴투스,A078340,20110117,13163,13341,12807,12807,162079
1,7.295855560114896,컴투스,A078340,20110113,11962,12229,11695,12185,101480
1,3.402919212491513,컴투스,A078340,20110107,12007,12051,11695,11784,62564
1,2.669298772637542,컴투스,A078340,20110105,11607,11829,11473,11651,65899
1,4.262180772247887,컴투스,A078340,20101228,11073,11518,11028,11473,61702
1,3.2023027795268506,컴투스,A078340,20101227,11340,11340,11117,11117,56560
1,-3.0095527939808937,컴투스,A078340,20101222,12007,12007,11829,11829,43459
1,-3.5737230966912947,컴투스,A078340,20101216,13163,13208,12407,12452,242633
1,-6.036824630244492,컴투스,A078340,20101215,13163,13385,13030,13252,87369
1,5.598364522723698,컴투스,A078340,20101210,12629,12985,12540,12718,127736
1,6.391072787217853,컴투스,A078340,20101203,12051,12140,11784,11829,77894
1,-2.5617792421746293,컴투스,A078340,20101126,12496,12629,12007,12140,76187
1,-3.535955502582439,컴투스,A078340,20101125,12585,12674,12407,12585,50488
1,6.456032884661885,컴투스,A078340,20101117,12896,12896,12274,12407,142735
1,2.8714713257300013,컴투스,A078340,20101115,12985,13341,11740,12363,164373
1,-5.118956254796623,컴투스,A078340,20101112,14008,14230,12718,13030,270104
1,-6.981724728726442,컴투스,A078340,20101111,14275,14408,13875,14008,74825
1,4.192659219498041,컴투스,A078340,20101103,13208,13786,13119,13786,142014
1,5.445923206363777,컴투스,A078340,20101102,13296,13385,12852,13074,111736
1,-3.535791757049892,컴투스,A078340,20101029,13741,14141,13652,13830,168767
1,8.071642733154489,컴투스,A078340,20101026,12674,12718,12140,12674,346528
1,-2.7045506343538714,컴투스,A078340,20101022,13519,13563,12896,13163,198741
1,-2.6333308676677274,컴투스,A078340,20101021,13519,14008,13208,13519,259157
1,4.304021923107923,컴투스,A078340,20101015,12007,12896,11918,12407,461502
1,3.3313900224868824,컴투스,A078340,20101014,11740,12051,11607,12007,304407
1,14.346712211784794,컴투스,A078340,20101012,10628,10762,10406,10539,58341
1,2.9138948749180176,컴투스,A078340,20101005,10762,10851,10584,10673,67967
1,-2.8086336132935963,컴투스,A078340,20101001,10762,11206,10762,11073,108296
1,2.988660388237556,컴투스,A078340,20100928,10717,10851,10406,10406,213808
1,-4.101004515712837,컴투스,A078340,20100927,11028,11162,10806,10851,108836
1,3.6361987667754807,컴투스,A078340,20100914,11384,11384,10895,11028,173898
1,-2.751322751322751,컴투스,A078340,20100913,11873,11918,11340,11340,179852
1,-2.669298772637542,컴투스,A078340,20100910,11829,11873,11562,11651,176937
1,5.559521684811708,컴투스,A078340,20100908,10939,11340,10717,11206,241505
1,2.854520422212024,컴투스,A078340,20100907,11206,11251,10806,10895,209050
1,6.871923559501977,컴투스,A078340,20100903,10006,10450,10006,10361,140158
1,3.0945273631840795,컴투스,A078340,20100902,10228,10272,10050,10050,75059
1,4.222972972972973,컴투스,A078340,20100827,9605,9783,9427,9472,93235
1,-2.741554574391621,컴투스,A078340,20100826,10006,10050,9739,9739,79466
1,-2.6448736998514115,컴투스,A078340,20100824,10050,10228,9872,10095,73158
1,7.086029489763446,컴투스,A078340,20100818,9605,9694,9383,9427,68860
1,4.754256344362351,컴투스,A078340,20100812,9205,9605,9116,9339,84752
1,-3.638965552489012,컴투스,A078340,20100810,9694,10095,9605,9783,190827
1,5.312330255296035,컴투스,A078340,20100806,9472,9516,9161,9205,291445
1,-3.268179907524169,컴투스,A078340,20100805,9917,9917,9472,9516,190650
1,-3.606158833063209,컴투스,A078340,20100804,9828,10228,9605,9872,307499
1,-3.0406726632772783,컴투스,A078340,20100728,10228,10450,10050,10228,303437
1,-7.292425345957756,컴투스,A078340,20100726,11117,11651,10939,10984,115397
1,-4.618578100674624,컴투스,A078340,20100721,11651,11873,11518,11562,98303
1,-6.0793446835849645,컴투스,A078340,20100719,12496,12540,12229,12452,133018
1,4.140818858560794,컴투스,A078340,20100702,12896,13163,12896,12896,67592
1,-4.838241694472654,컴투스,A078340,20100625,13964,14275,13697,13786,258580
1,-2.8196813760045116,컴투스,A078340,20100624,14542,14675,14141,14186,260256
1,3.9746939898225833,컴투스,A078340,20100616,14675,14720,14408,14542,151318
1,5.8287921638959785,컴투스,A078340,20100607,14052,14675,13875,14497,218321
1,-3.470462078377852,컴투스,A078340,20100531,14942,15387,14764,15387,185801
1,4.53125,컴투스,A078340,20100528,14986,15476,14720,14720,316378
1,-3.616905987537253,컴투스,A078340,20100524,15209,15387,14408,14764,224118
1,-2.9258991386678934,컴투스,A078340,20100520,16498,16854,14230,15209,485841
1,-8.797073638762292,컴투스,A078340,20100519,15698,16676,15387,16676,480110
1,5.933172405031128,컴투스,A078340,20100518,15698,16321,15253,15742,470155
1,-7.977991746905088,컴투스,A078340,20100514,16454,17165,15920,16721,467778
1,2.7340869992627184,컴투스,A078340,20100513,15965,16854,15876,16276,405604
1,4.871134020618557,컴투스,A078340,20100512,16009,16143,15209,15520,438512
1,-2.512562814070352,컴투스,A078340,20100511,16899,17032,15920,15920,519771
1,-5.793242203680693,컴투스,A078340,20100510,16454,17165,16143,16899,677820
1,3.263061411549037,컴투스,A078340,20100507,14897,16899,14764,16365,1071236
1,7.600762706292327,컴투스,A078340,20100506,15120,15742,14764,15209,477211
1,-2.8365169616048043,컴투스,A078340,20100504,16232,16321,15520,15653,523730
1,2.8689583871801503,컴투스,A078340,20100430,14764,15653,14497,15476,758329
1,5.775408379468253,컴투스,A078340,20100429,14586,15431,14408,14631,918558
1,7.892595606183889,컴투스,A078340,20100427,13385,13741,13163,13519,228482
1,5.609910052075113,컴투스,A078340,20100423,12852,12896,12585,12674,122710
1,-3.0566354142846253,컴투스,A078340,20100421,13119,13163,12807,13119,153309
1,-3.0566354142846253,컴투스,A078340,20100416,13430,13430,13030,13119,65503
1,4.4512899499422405,컴투스,A078340,20100408,13208,13208,12941,12985,76221
1,-5.3906723198061774,컴투스,A078340,20100401,12629,13208,12629,13208,383705
1,4.950337703615415,컴투스,A078340,20100331,12585,12941,12407,12585,309081
1,-3.7350407805472976,컴투스,A078340,20100329,13519,13608,13074,13119,290586
1,-3.90418986229124,컴투스,A078340,20100326,13563,13786,13474,13652,191267
1,-4.0874054168729215,컴투스,A078340,20100323,13964,14186,13786,14141,311434
1,2.910996288479732,컴투스,A078340,20100322,14008,14453,13697,13741,392373
1,4.376135675348274,컴투스,A078340,20100317,13474,13519,13119,13208,156546
1,3.0184123151222457,컴투스,A078340,20100311,13563,13608,13252,13252,182622
1,3.0184123151222457,컴투스,A078340,20100308,13385,13652,13163,13252,315191
1,-2.6863869604587984,컴투스,A078340,20100303,13030,13252,12718,13252,263197
1,6.550004088641753,컴투스,A078340,20100226,12452,12585,12229,12229,167663
1,-6.119014838610983,컴투스,A078340,20100224,13296,13341,13030,13074,246956
1,-3.2916635845846587,컴투스,A078340,20100223,13163,13652,13119,13519,281910
1,3.0490128820794267,컴투스,A078340,20100219,14097,14453,13119,13119,944690
1,-8.66750208855472,컴투스,A078340,20100218,13830,14364,13519,14364,1188856
1,3.86117136659436,컴투스,A078340,20100217,14319,14364,13474,13830,1008289
1,14.762260393328354,컴투스,A078340,20100211,11518,12051,11429,12051,362774
1,4.6275395033860045,컴투스,A078340,20100210,11562,11607,11162,11518,141005
1,-7.2696050372066425,컴투스,A078340,20100204,12096,12274,11829,12229,217182
1,3.8194146425199564,컴투스,A078340,20100202,11829,12274,11651,11651,414500
1,3.130511463844797,컴투스,A078340,20100129,12185,12185,10984,11340,608803
1,-8.599983880067704,컴투스,A078340,20100128,12807,12852,12274,12407,281613
1,-3.4624961095549334,컴투스,A078340,20100127,12407,12852,12007,12852,503415
1,3.9553506430478036,컴투스,A078340,20100126,12941,13074,11962,12363,422527
1,-3.804855275443511,컴투스,A078340,20100125,13385,13608,12096,12852,337542
1,-5.859947260474657,컴투스,A078340,20100122,13385,13697,13030,13652,315439
1,-4.049036777583188,컴투스,A078340,20100119,14586,14631,13697,14275,466507
1,-3.0230978260869565,컴투스,A078340,20100118,13786,15031,13430,14720,1101255
1,6.4352856109906,컴투스,A078340,20100115,14008,14008,13385,13830,428127
1,3.963188362772748,컴투스,A078340,20100113,13341,13697,13163,13474,302576
1,2.687764990914597,컴투스,A078340,20100111,13652,14008,13119,13208,652419
1,-2.9394473838918285,컴투스,A078340,20100108,13341,13608,12718,13608,417928
1,3.7274182483420986,컴투스,A078340,20100107,13430,14097,12896,13119,904874
1,-3.90418986229124,컴투스,A078340,20100106,13563,13786,13163,13652,876337
